"LinkID","NSR"
"1095_402","Montane"
"1096_402","Montane"
"1096_403","Montane"
"1096_404","Montane"
"1097_402","Montane"
"1097_403","Montane"
"1097_404","Montane"
"1097_405","Montane"
"1098_402","Montane"
"1098_404","Montane"
"1098_405","Montane"
"1099_405","Montane"
"1103_402","Montane"
"1112_402","Montane"
"1112_403","Montane"
"1112_405","Montane"
"1113_402","Montane"
"1113_403","Montane"
"1113_404","Montane"
"1113_405","Montane"
"1113_406","Montane"
"1114_402","Montane"
"1114_403","Montane"
"1114_404","Montane"
"1114_405","Montane"
"1114_406","Montane"
"1114_407","Montane"
"1114_408","Montane"
"1114_409","Montane"
"1114_410","Montane"
"1115_402","Montane"
"1115_403","Montane"
"1115_404","Montane"
"1115_405","Montane"
"1115_406","Montane"
"1115_407","Montane"
"1115_408","Montane"
"1115_409","Montane"
"1115_410","Montane"
"1116_402","Montane"
"1116_403","Montane"
"1116_407","Montane"
"1116_409","Montane"
"1116_410","Montane"
"1116_411","Montane"
"1116_412","Montane"
"1117_402","Montane"
"1117_403","Montane"
"1117_404","Montane"
"1117_405","Montane"
"1118_402","Montane"
"1118_403","Montane"
"1118_404","Montane"
"1118_405","Montane"
"1119_402","Montane"
"1119_403","Montane"
"1119_404","Montane"
"1119_405","Montane"
"1119_406","Montane"
"1119_407","Montane"
"1119_408","Montane"
"1120_402","Montane"
"1120_403","Montane"
"1120_404","Montane"
"1120_406","Montane"
"1120_407","Montane"
"1120_408","Montane"
"1121_402","Montane"
"1121_403","Montane"
"1121_404","Montane"
"1121_406","Montane"
"1121_407","Montane"
"1121_408","Montane"
"1122_403","Montane"
"1122_406","Montane"
"1122_407","Montane"
"1125_402","Montane"
"1125_403","Montane"
"1126_403","Montane"
"1127_406","Montane"
"1128_405","Montane"
"1128_406","Montane"
"1129_405","Montane"
"1129_406","Montane"
"1130_403","Montane"
"1130_405","Montane"
"1130_406","Montane"
"1131_402","Montane"
"1131_403","Montane"
"1131_405","Montane"
"1131_406","Montane"
"1132_402","Montane"
"1132_403","Montane"
"1132_404","Montane"
"1132_405","Montane"
"1132_406","Montane"
"1132_407","Montane"
"1133_402","Montane"
"1133_403","Montane"
"1133_404","Montane"
"1133_405","Montane"
"1133_406","Montane"
"1133_407","Montane"
"1133_408","Montane"
"1133_409","Montane"
"1134_402","Montane"
"1134_403","Montane"
"1134_404","Montane"
"1134_405","Montane"
"1134_406","Montane"
"1134_407","Montane"
"1134_408","Montane"
"1134_409","Montane"
"1135_402","Montane"
"1135_403","Montane"
"1135_404","Montane"
"1135_405","Montane"
"1135_406","Montane"
"1135_407","Montane"
"1135_408","Montane"
"1136_402","Montane"
"1136_403","Montane"
"1136_404","Montane"
"1136_405","Montane"
"1136_406","Montane"
"1136_407","Montane"
"1136_408","Montane"
"1137_402","Montane"
"1137_403","Montane"
"1137_404","Montane"
"1137_405","Montane"
"1137_406","Montane"
"1137_407","Montane"
"1137_408","Montane"
"1138_402","Montane"
"1138_403","Montane"
"1138_404","Montane"
"1138_405","Montane"
"1138_406","Montane"
"1138_407","Montane"
"1139_402","Montane"
"1139_403","Montane"
"1139_404","Montane"
"1139_405","Montane"
"1139_406","Montane"
"1139_407","Montane"
"1139_408","Montane"
"1139_409","Montane"
"1140_402","Montane"
"1140_403","Montane"
"1140_404","Montane"
"1140_405","Montane"
"1140_406","Montane"
"1140_407","Montane"
"1140_408","Montane"
"1140_409","Montane"
"1140_410","Montane"
"1141_402","Montane"
"1141_403","Montane"
"1141_404","Montane"
"1141_405","Montane"
"1141_406","Montane"
"1141_407","Montane"
"1141_408","Montane"
"1141_409","Montane"
"1141_410","Montane"
"1141_411","Montane"
"1141_412","Montane"
"1141_413","Montane"
"1141_414","Montane"
"1142_402","Montane"
"1142_403","Montane"
"1142_404","Montane"
"1142_405","Montane"
"1142_406","Montane"
"1142_407","Montane"
"1142_408","Montane"
"1142_409","Montane"
"1142_410","Montane"
"1142_411","Montane"
"1142_412","Montane"
"1142_413","Montane"
"1143_402","Montane"
"1143_403","Montane"
"1143_404","Montane"
"1143_405","Montane"
"1143_406","Montane"
"1143_407","Montane"
"1143_408","Montane"
"1143_409","Montane"
"1143_410","Montane"
"1143_411","Montane"
"1143_412","Montane"
"1143_413","Montane"
"1143_414","Montane"
"1144_402","Montane"
"1144_403","Montane"
"1144_404","Montane"
"1144_405","Montane"
"1144_406","Montane"
"1144_407","Montane"
"1144_408","Montane"
"1144_409","Montane"
"1144_410","Montane"
"1144_411","Montane"
"1144_412","Montane"
"1144_413","Montane"
"1144_414","Montane"
"1144_415","Montane"
"1145_402","Montane"
"1145_403","Montane"
"1145_404","Montane"
"1145_405","Montane"
"1145_406","Montane"
"1145_407","Montane"
"1145_408","Montane"
"1145_409","Montane"
"1145_410","Montane"
"1145_411","Montane"
"1145_412","Montane"
"1145_413","Montane"
"1145_414","Montane"
"1145_415","Montane"
"1145_416","Montane"
"1145_680","Montane"
"1146_402","Montane"
"1146_403","Montane"
"1146_404","Montane"
"1146_405","Montane"
"1146_406","Montane"
"1146_407","Montane"
"1146_408","Montane"
"1146_409","Montane"
"1146_410","Montane"
"1146_411","Montane"
"1146_412","Montane"
"1146_413","Montane"
"1146_414","Montane"
"1146_415","Montane"
"1146_416","Montane"
"1146_676","Montane"
"1146_677","Montane"
"1146_678","Montane"
"1146_679","Montane"
"1146_680","Montane"
"1146_681","Montane"
"1147_402","Montane"
"1147_403","Montane"
"1147_404","Montane"
"1147_405","Montane"
"1147_406","Montane"
"1147_407","Montane"
"1147_408","Montane"
"1147_409","Montane"
"1147_410","Montane"
"1147_411","Montane"
"1147_412","Montane"
"1147_414","Montane"
"1147_416","Montane"
"1147_673","Montane"
"1147_674","Montane"
"1147_675","Montane"
"1147_676","Montane"
"1147_677","Montane"
"1147_678","Montane"
"1147_679","Montane"
"1147_680","Montane"
"1147_681","Montane"
"1148_402","Montane"
"1148_403","Montane"
"1148_404","Montane"
"1148_405","Montane"
"1148_406","Montane"
"1148_407","Montane"
"1148_408","Montane"
"1148_409","Montane"
"1148_410","Montane"
"1148_411","Montane"
"1148_413","Montane"
"1148_669","Montane"
"1148_671","Montane"
"1148_672","Montane"
"1148_673","Montane"
"1148_674","Montane"
"1148_675","Montane"
"1148_676","Montane"
"1148_677","Montane"
"1148_678","Montane"
"1148_679","Montane"
"1148_680","Montane"
"1148_681","Montane"
"1148_682","Montane"
"1148_683","Montane"
"1148_684","Montane"
"1148_685","Montane"
"1148_686","Montane"
"1148_687","Montane"
"1148_688","Montane"
"1148_690","Montane"
"1149_402","Montane"
"1149_403","Montane"
"1149_404","Montane"
"1149_405","Montane"
"1149_406","Montane"
"1149_407","Montane"
"1149_408","Montane"
"1149_409","Montane"
"1149_410","Montane"
"1149_411","Montane"
"1149_412","Montane"
"1149_668","Montane"
"1149_669","Montane"
"1149_670","Montane"
"1149_671","Montane"
"1149_672","Montane"
"1149_673","Montane"
"1149_674","Montane"
"1149_675","Montane"
"1149_676","Montane"
"1149_677","Montane"
"1149_678","Montane"
"1149_679","Montane"
"1149_680","Montane"
"1149_681","Montane"
"1149_682","Montane"
"1149_683","Montane"
"1149_684","Montane"
"1149_685","Montane"
"1149_686","Montane"
"1149_687","Montane"
"1149_688","Montane"
"1149_689","Montane"
"1149_690","Montane"
"1150_402","Montane"
"1150_403","Montane"
"1150_404","Montane"
"1150_405","Montane"
"1150_406","Montane"
"1150_407","Montane"
"1150_409","Montane"
"1150_410","Montane"
"1150_411","Montane"
"1150_412","Montane"
"1150_666","Montane"
"1150_667","Montane"
"1150_668","Montane"
"1150_669","Montane"
"1150_670","Montane"
"1150_671","Montane"
"1150_672","Montane"
"1150_673","Montane"
"1150_674","Montane"
"1150_675","Montane"
"1150_676","Montane"
"1150_677","Montane"
"1150_678","Montane"
"1150_679","Montane"
"1150_680","Montane"
"1150_681","Montane"
"1150_682","Montane"
"1150_683","Montane"
"1150_684","Montane"
"1150_685","Montane"
"1150_686","Montane"
"1150_687","Montane"
"1150_688","Montane"
"1150_689","Montane"
"1150_690","Montane"
"1151_402","Montane"
"1151_403","Montane"
"1151_404","Montane"
"1151_405","Montane"
"1151_406","Montane"
"1151_407","Montane"
"1151_411","Montane"
"1151_666","Montane"
"1151_667","Montane"
"1151_668","Montane"
"1151_669","Montane"
"1151_670","Montane"
"1151_671","Montane"
"1151_672","Montane"
"1151_673","Montane"
"1151_674","Montane"
"1151_675","Montane"
"1151_676","Montane"
"1151_677","Montane"
"1151_678","Montane"
"1151_679","Montane"
"1151_680","Montane"
"1151_681","Montane"
"1151_682","Montane"
"1151_683","Montane"
"1151_684","Montane"
"1151_685","Montane"
"1151_686","Montane"
"1151_687","Montane"
"1151_688","Montane"
"1151_689","Montane"
"1151_690","Montane"
"1152_402","Montane"
"1152_403","Montane"
"1152_404","Montane"
"1152_405","Montane"
"1152_406","Montane"
"1152_407","Montane"
"1152_408","Montane"
"1152_666","Montane"
"1152_667","Montane"
"1152_668","Montane"
"1152_669","Montane"
"1152_670","Montane"
"1152_671","Montane"
"1152_672","Montane"
"1152_673","Montane"
"1152_674","Montane"
"1152_675","Montane"
"1152_676","Montane"
"1152_677","Montane"
"1152_678","Montane"
"1152_679","Montane"
"1152_680","Montane"
"1152_681","Montane"
"1152_682","Montane"
"1152_683","Montane"
"1152_684","Montane"
"1152_685","Montane"
"1152_686","Montane"
"1152_687","Montane"
"1152_688","Montane"
"1152_689","Montane"
"1152_690","Montane"
"1153_402","Montane"
"1153_403","Montane"
"1153_404","Montane"
"1153_405","Montane"
"1153_406","Montane"
"1153_407","Montane"
"1153_408","Montane"
"1153_664","Montane"
"1153_665","Montane"
"1153_666","Montane"
"1153_667","Montane"
"1153_668","Montane"
"1153_669","Montane"
"1153_670","Montane"
"1153_671","Montane"
"1153_672","Montane"
"1153_673","Montane"
"1153_674","Montane"
"1153_675","Montane"
"1153_676","Montane"
"1153_677","Montane"
"1153_678","Montane"
"1153_679","Montane"
"1153_680","Montane"
"1153_681","Montane"
"1153_682","Montane"
"1153_683","Montane"
"1153_684","Montane"
"1153_685","Montane"
"1153_686","Montane"
"1153_687","Montane"
"1153_688","Montane"
"1153_689","Montane"
"1153_690","Montane"
"1154_402","Montane"
"1154_403","Montane"
"1154_404","Montane"
"1154_405","Montane"
"1154_406","Montane"
"1154_407","Montane"
"1154_408","Montane"
"1154_409","Montane"
"1154_662","Montane"
"1154_663","Montane"
"1154_664","Montane"
"1154_665","Montane"
"1154_666","Montane"
"1154_667","Montane"
"1154_668","Montane"
"1154_669","Montane"
"1154_670","Montane"
"1154_671","Montane"
"1154_672","Montane"
"1154_673","Montane"
"1154_674","Montane"
"1154_675","Montane"
"1154_676","Montane"
"1154_677","Montane"
"1154_678","Montane"
"1154_679","Montane"
"1154_680","Montane"
"1154_681","Montane"
"1154_682","Montane"
"1154_683","Montane"
"1154_684","Montane"
"1154_685","Montane"
"1154_686","Montane"
"1154_687","Montane"
"1154_688","Montane"
"1154_689","Montane"
"1154_690","Montane"
"1155_402","Montane"
"1155_403","Montane"
"1155_404","Montane"
"1155_405","Montane"
"1155_406","Montane"
"1155_407","Montane"
"1155_408","Montane"
"1155_409","Montane"
"1155_410","Montane"
"1155_659","Montane"
"1155_662","Montane"
"1155_663","Montane"
"1155_664","Montane"
"1155_665","Montane"
"1155_666","Montane"
"1155_667","Montane"
"1155_668","Montane"
"1155_669","Montane"
"1155_670","Montane"
"1155_671","Montane"
"1155_672","Montane"
"1155_673","Montane"
"1155_674","Montane"
"1155_675","Montane"
"1155_676","Montane"
"1155_677","Montane"
"1155_678","Montane"
"1155_679","Montane"
"1155_680","Montane"
"1155_681","Montane"
"1155_682","Montane"
"1155_683","Montane"
"1155_684","Montane"
"1155_685","Montane"
"1155_686","Montane"
"1155_687","Montane"
"1155_688","Montane"
"1155_689","Montane"
"1155_690","Montane"
"1155_691","Montane"
"1156_402","Montane"
"1156_403","Montane"
"1156_404","Montane"
"1156_405","Montane"
"1156_406","Montane"
"1156_407","Montane"
"1156_408","Montane"
"1156_409","Montane"
"1156_410","Montane"
"1156_659","Montane"
"1156_662","Montane"
"1156_663","Montane"
"1156_664","Montane"
"1156_665","Montane"
"1156_666","Montane"
"1156_667","Montane"
"1156_668","Montane"
"1156_669","Montane"
"1156_670","Montane"
"1156_671","Montane"
"1156_675","Montane"
"1156_676","Montane"
"1156_677","Montane"
"1156_678","Montane"
"1156_679","Montane"
"1156_680","Montane"
"1156_681","Montane"
"1156_682","Montane"
"1156_683","Montane"
"1156_684","Montane"
"1156_685","Montane"
"1156_686","Montane"
"1156_687","Montane"
"1156_688","Montane"
"1156_689","Montane"
"1156_690","Montane"
"1156_691","Montane"
"1157_402","Montane"
"1157_403","Montane"
"1157_404","Montane"
"1157_405","Montane"
"1157_406","Montane"
"1157_407","Montane"
"1157_408","Montane"
"1157_409","Montane"
"1157_410","Montane"
"1157_659","Montane"
"1157_660","Montane"
"1157_661","Montane"
"1157_662","Montane"
"1157_663","Montane"
"1157_664","Montane"
"1157_665","Montane"
"1157_666","Montane"
"1157_667","Montane"
"1157_668","Montane"
"1157_669","Montane"
"1157_670","Montane"
"1157_671","Montane"
"1157_682","Montane"
"1157_683","Montane"
"1157_684","Montane"
"1157_685","Montane"
"1157_686","Montane"
"1157_687","Montane"
"1157_688","Montane"
"1157_689","Montane"
"1157_690","Montane"
"1157_691","Montane"
"1158_402","Montane"
"1158_403","Montane"
"1158_404","Montane"
"1158_405","Montane"
"1158_406","Montane"
"1158_407","Montane"
"1158_408","Montane"
"1158_409","Montane"
"1158_659","Montane"
"1158_660","Montane"
"1158_661","Montane"
"1158_662","Montane"
"1158_663","Montane"
"1158_664","Montane"
"1158_665","Montane"
"1158_666","Montane"
"1158_667","Montane"
"1158_670","Montane"
"1158_683","Montane"
"1158_684","Montane"
"1158_685","Montane"
"1158_686","Montane"
"1158_687","Montane"
"1158_688","Montane"
"1158_689","Montane"
"1158_690","Montane"
"1158_691","Montane"
"1159_402","Montane"
"1159_403","Montane"
"1159_404","Montane"
"1159_407","Montane"
"1159_408","Montane"
"1159_409","Montane"
"1159_410","Montane"
"1159_660","Montane"
"1159_661","Montane"
"1159_662","Montane"
"1159_666","Montane"
"1159_667","Montane"
"1159_686","Montane"
"1159_687","Montane"
"1159_688","Montane"
"1159_689","Montane"
"1159_690","Montane"
"1159_691","Montane"
"1160_403","Montane"
"1160_409","Montane"
"1160_410","Montane"
"1160_660","Montane"
"1160_661","Montane"
"1160_662","Montane"
"1160_666","Montane"
"1160_689","Montane"
"1160_690","Montane"
"1160_691","Montane"
"1161_661","Montane"
"1161_662","Montane"
"1161_690","Montane"
"1161_691","Montane"
"1162_661","Montane"
"1162_662","Montane"
"1192_403","Montane"
"1192_404","Montane"
"1192_405","Montane"
"1193_403","Montane"
"1193_404","Montane"
"1193_405","Montane"
"1193_407","Montane"
"1194_403","Montane"
"1194_404","Montane"
"1194_405","Montane"
"1194_406","Montane"
"1194_407","Montane"
"1195_403","Montane"
"1195_404","Montane"
"1195_405","Montane"
"1195_406","Montane"
"1195_407","Montane"
"1196_403","Montane"
"1196_404","Montane"
"1196_405","Montane"
"1196_406","Montane"
"1196_407","Montane"
"1197_403","Montane"
"1197_404","Montane"
"1197_405","Montane"
"1197_406","Montane"
"1197_407","Montane"
"1198_403","Montane"
"1198_404","Montane"
"1198_405","Montane"
"1198_406","Montane"
"1198_407","Montane"
"1198_408","Montane"
"1199_403","Montane"
"1199_404","Montane"
"1199_407","Montane"
"1199_408","Montane"
"1200_403","Montane"
"1200_404","Montane"
"1200_408","Montane"
"1201_403","Montane"
"1201_404","Montane"
"1202_403","Montane"
"1203_403","Montane"
"1204_403","Montane"
"1204_404","Montane"
"1204_405","Montane"
"1205_403","Montane"
"1205_404","Montane"
"1205_405","Montane"
"1206_403","Montane"
"1207_403","Montane"
"1208_404","Montane"
"1209_404","Montane"
"1210_404","Montane"
"1210_406","Montane"
"1211_407","Montane"
"1212_404","Montane"
"1212_406","Montane"
"1213_406","Montane"
"1213_407","Montane"
"1214_406","Montane"
"1214_407","Montane"
"1214_408","Montane"
"1215_408","Montane"
"1215_410","Montane"
"1215_411","Montane"
"1215_412","Montane"
"1215_413","Montane"
"1216_408","Montane"
"1216_412","Montane"
"1216_413","Montane"
"1217_412","Montane"
"1218_410","Montane"
"1218_411","Montane"
"1218_412","Montane"
"1219_409","Montane"
"1219_410","Montane"
"1219_411","Montane"
"1219_412","Montane"
"1220_404","Montane"
"1220_409","Montane"
"1220_411","Montane"
"1220_412","Montane"
"1221_403","Montane"
"1221_410","Montane"
"1221_411","Montane"
"1222_403","Montane"
"1222_404","Montane"
"1222_410","Montane"
"1222_411","Montane"
"1223_404","Montane"
"1223_405","Montane"
"1223_406","Montane"
"1223_407","Montane"
"1223_408","Montane"
"1223_409","Montane"
"1223_410","Montane"
"1223_411","Montane"
"1223_418","Montane"
"1223_419","Montane"
"1223_420","Montane"
"1223_421","Montane"
"1224_405","Montane"
"1224_406","Montane"
"1224_409","Montane"
"1224_410","Montane"
"1224_411","Montane"
"1224_417","Montane"
"1224_418","Montane"
"1224_419","Montane"
"1224_420","Montane"
"1224_421","Montane"
"1224_427","Montane"
"1224_428","Montane"
"1224_429","Montane"
"1225_410","Montane"
"1225_416","Montane"
"1225_417","Montane"
"1225_418","Montane"
"1225_419","Montane"
"1225_420","Montane"
"1225_421","Montane"
"1225_422","Montane"
"1225_423","Montane"
"1225_424","Montane"
"1225_425","Montane"
"1225_426","Montane"
"1225_427","Montane"
"1225_428","Montane"
"1225_429","Montane"
"1225_430","Montane"
"1225_431","Montane"
"1226_404","Montane"
"1226_405","Montane"
"1226_406","Montane"
"1226_410","Montane"
"1226_416","Montane"
"1226_417","Montane"
"1226_418","Montane"
"1226_419","Montane"
"1226_420","Montane"
"1226_421","Montane"
"1226_422","Montane"
"1226_423","Montane"
"1226_424","Montane"
"1226_425","Montane"
"1226_426","Montane"
"1226_427","Montane"
"1226_428","Montane"
"1226_429","Montane"
"1226_430","Montane"
"1226_431","Montane"
"1226_432","Montane"
"1227_403","Montane"
"1227_407","Montane"
"1227_408","Montane"
"1227_410","Montane"
"1227_415","Montane"
"1227_416","Montane"
"1227_417","Montane"
"1227_418","Montane"
"1227_419","Montane"
"1227_420","Montane"
"1227_421","Montane"
"1227_422","Montane"
"1227_423","Montane"
"1227_424","Montane"
"1227_425","Montane"
"1227_426","Montane"
"1227_427","Montane"
"1227_428","Montane"
"1227_429","Montane"
"1227_430","Montane"
"1227_431","Montane"
"1227_432","Montane"
"1227_433","Montane"
"1228_408","Montane"
"1228_409","Montane"
"1228_410","Montane"
"1228_411","Montane"
"1228_412","Montane"
"1228_413","Montane"
"1228_414","Montane"
"1228_415","Montane"
"1228_416","Montane"
"1228_417","Montane"
"1228_419","Montane"
"1228_420","Montane"
"1228_421","Montane"
"1228_422","Montane"
"1228_423","Montane"
"1228_424","Montane"
"1228_425","Montane"
"1228_426","Montane"
"1228_427","Montane"
"1228_428","Montane"
"1228_429","Montane"
"1228_430","Montane"
"1228_431","Montane"
"1228_432","Montane"
"1228_433","Montane"
"1228_434","Montane"
"1229_409","Montane"
"1229_410","Montane"
"1229_411","Montane"
"1229_412","Montane"
"1229_413","Montane"
"1229_414","Montane"
"1229_416","Montane"
"1229_422","Montane"
"1229_423","Montane"
"1229_424","Montane"
"1229_425","Montane"
"1229_426","Montane"
"1229_427","Montane"
"1229_428","Montane"
"1229_429","Montane"
"1229_430","Montane"
"1229_431","Montane"
"1229_432","Montane"
"1229_433","Montane"
"1229_434","Montane"
"1229_435","Montane"
"1230_409","Montane"
"1230_410","Montane"
"1230_411","Montane"
"1230_424","Montane"
"1230_425","Montane"
"1230_426","Montane"
"1230_427","Montane"
"1230_428","Montane"
"1230_429","Montane"
"1230_430","Montane"
"1230_431","Montane"
"1230_432","Montane"
"1230_433","Montane"
"1230_434","Montane"
"1230_435","Montane"
"1231_409","Montane"
"1231_410","Montane"
"1231_411","Montane"
"1231_424","Montane"
"1231_425","Montane"
"1231_426","Montane"
"1231_427","Montane"
"1231_428","Montane"
"1231_429","Montane"
"1231_430","Montane"
"1231_431","Montane"
"1231_432","Montane"
"1231_433","Montane"
"1231_434","Montane"
"1231_435","Montane"
"1232_410","Montane"
"1232_411","Montane"
"1232_412","Montane"
"1232_413","Montane"
"1232_423","Montane"
"1232_424","Montane"
"1232_425","Montane"
"1232_426","Montane"
"1232_427","Montane"
"1232_428","Montane"
"1232_429","Montane"
"1232_430","Montane"
"1232_431","Montane"
"1232_432","Montane"
"1232_433","Montane"
"1232_434","Montane"
"1232_435","Montane"
"1232_436","Montane"
"1233_409","Montane"
"1233_410","Montane"
"1233_411","Montane"
"1233_423","Montane"
"1233_425","Montane"
"1233_426","Montane"
"1233_427","Montane"
"1233_428","Montane"
"1233_429","Montane"
"1233_430","Montane"
"1233_431","Montane"
"1233_432","Montane"
"1233_433","Montane"
"1233_434","Montane"
"1233_435","Montane"
"1233_436","Montane"
"1233_437","Montane"
"1233_438","Montane"
"1234_409","Montane"
"1234_410","Montane"
"1234_411","Montane"
"1234_421","Montane"
"1234_422","Montane"
"1234_425","Montane"
"1234_426","Montane"
"1234_427","Montane"
"1234_428","Montane"
"1234_429","Montane"
"1234_430","Montane"
"1234_431","Montane"
"1234_432","Montane"
"1234_433","Montane"
"1234_434","Montane"
"1234_435","Montane"
"1234_436","Montane"
"1234_437","Montane"
"1234_438","Montane"
